{"loss": [0.7711464762687683, 0.2136201113462448, 0.1782739907503128, 0.15822309255599976, 0.1447499841451645, 0.13537804782390594, 0.1285569816827774, 0.12353478372097015, 0.11910800635814667, 0.1157483160495758, 0.11289147287607193, 0.1102571114897728, 0.10802420973777771, 0.10607650130987167, 0.10452067106962204, 0.10279282927513123, 0.1015852764248848, 0.10015542805194855, 0.09897138178348541, 0.09785068035125732, 0.0968862846493721, 0.09616725146770477, 0.09522753208875656, 0.09427229315042496, 0.09360948204994202, 0.09279254078865051, 0.09227821230888367, 0.09151752293109894, 0.09092377871274948, 0.09039556980133057, 0.08985567837953568, 0.08935894817113876, 0.08887744694948196, 0.08854669332504272, 0.088069386780262, 0.08787508308887482, 0.08753960579633713, 0.08707217872142792, 0.08674126118421555, 0.08617805689573288], "val_mse": [0.13730747997760773, 0.1051831915974617, 0.08623789995908737, 0.0711858868598938, 0.06306490302085876, 0.058220960199832916, 0.05665677413344383, 0.05317816510796547, 0.05284607782959938, 0.04997338727116585, 0.0500018410384655, 0.048059966415166855, 0.047297049313783646, 0.04779525473713875, 0.04625144228339195, 0.04501442238688469, 0.044883038848638535, 0.04544076696038246, 0.04333039000630379, 0.04260707646608353, 0.04230610281229019, 0.04167134314775467, 0.040414806455373764, 0.040890105068683624, 0.043068140745162964, 0.04064420238137245, 0.04232459515333176, 0.03982139751315117, 0.03969193994998932, 0.03917274996638298, 0.038758330047130585, 0.03857145458459854, 0.038227468729019165, 0.03920222073793411, 0.03821554780006409, 0.03848664090037346, 0.03810663893818855, 0.03868598863482475, 0.03849812597036362, 0.03864958509802818], "val_mae": [0.26404836773872375, 0.22255995869636536, 0.19775277376174927, 0.17638494074344635, 0.161871537566185, 0.15662135183811188, 0.1526983082294464, 0.14795708656311035, 0.15036675333976746, 0.14375364780426025, 0.1420406550168991, 0.1377449631690979, 0.13730289041996002, 0.13950909674167633, 0.13718755543231964, 0.13423621654510498, 0.1338801234960556, 0.13589872419834137, 0.12990586459636688, 0.12882815301418304, 0.12836334109306335, 0.12793587148189545, 0.1259041279554367, 0.12542082369327545, 0.13217230141162872, 0.12516167759895325, 0.13205251097679138, 0.12275638431310654, 0.12414339184761047, 0.12048826366662979, 0.12181655317544937, 0.12038373202085495, 0.1214674636721611, 0.12228883802890778, 0.11938892304897308, 0.12104697525501251, 0.12083163857460022, 0.12056631594896317, 0.11982808262109756, 0.11970851570367813], "time_this_iter_s": 1.0197720527648926, "done": true, "timesteps_total": null, "episodes_total": null, "training_iteration": 41, "trial_id": "4a159_00006", "experiment_id": "f558eb2ad2214b26834901ee8f6e3f6b", "date": "2023-02-24_15-29-17", "timestamp": 1677248957, "time_total_s": 913.2719349861145, "pid": 3375, "hostname": "dp-esb12", "node_ip": "10.2.10.72", "config": {"learning_rate": 4e-05, "loss_function": "mse", "num_epochs": 40, "batch_size": 128, "dropout_rate": 0.5, "final_layer": true}, "time_since_restore": 913.2719349861145, "timesteps_since_restore": 0, "iterations_since_restore": 41, "warmup_time": 0.005144596099853516, "experiment_tag": "6_batch_size=128,dropout_rate=0.5000,final_layer=True,learning_rate=0.0000,loss_function=mse"}