{"loss": [0.4897512197494507, 0.28471484780311584, 0.2637156546115875, 0.253498375415802, 0.2472887635231018, 0.2424246072769165, 0.23873794078826904, 0.23602497577667236, 0.2330731451511383, 0.23151907324790955, 0.2303018867969513, 0.22883449494838715, 0.2277165651321411, 0.22674573957920074, 0.22568142414093018, 0.22464317083358765, 0.2236665040254593, 0.22292502224445343, 0.22242318093776703, 0.2216496467590332, 0.22092758119106293, 0.22013939917087555, 0.21963289380073547, 0.21909423172473907, 0.2184600681066513, 0.2178836613893509, 0.21729706227779388, 0.21658869087696075, 0.21625065803527832, 0.21574711799621582, 0.21521861851215363, 0.2146749496459961, 0.21425294876098633, 0.21337386965751648, 0.2129749357700348, 0.2127092480659485, 0.21225592494010925, 0.2117377370595932, 0.21122309565544128, 0.21097432076931], "val_mse": [0.09604811668395996, 0.07183670252561569, 0.0665607750415802, 0.05930761620402336, 0.05674663186073303, 0.054358407855033875, 0.05317274108529091, 0.05293132737278938, 0.05011112242937088, 0.05259190872311592, 0.05035353824496269, 0.04837319999933243, 0.04758158698678017, 0.0469292476773262, 0.0463113933801651, 0.04566076025366783, 0.05428671836853027, 0.045358963310718536, 0.046777207404375076, 0.04305635392665863, 0.043328907340765, 0.042030218988657, 0.04328193515539169, 0.042144156992435455, 0.04216572642326355, 0.04378626123070717, 0.04386478662490845, 0.041956376284360886, 0.04266387224197388, 0.04524756968021393, 0.042252592742443085, 0.04113687574863434, 0.040962252765893936, 0.04189484938979149, 0.04086550697684288, 0.04180071875452995, 0.03996436297893524, 0.04175858572125435, 0.039953917264938354, 0.0389246940612793], "val_mae": [0.19537238776683807, 0.1639959216117859, 0.1554664820432663, 0.14761056005954742, 0.14453795552253723, 0.14022555947303772, 0.13694313168525696, 0.14236514270305634, 0.13442884385585785, 0.14197863638401031, 0.137005016207695, 0.13117757439613342, 0.12889108061790466, 0.13051368296146393, 0.1272074431180954, 0.12598448991775513, 0.14540576934814453, 0.125611811876297, 0.12718982994556427, 0.12394285202026367, 0.12226128578186035, 0.12276522815227509, 0.1226380467414856, 0.1208215206861496, 0.12040825933218002, 0.12505966424942017, 0.12077483534812927, 0.11706650257110596, 0.11943628638982773, 0.12473394721746445, 0.11800123751163483, 0.11843045800924301, 0.1174418181180954, 0.11732669174671173, 0.11716889590024948, 0.11860615015029907, 0.1158829778432846, 0.11619054526090622, 0.11378386616706848, 0.1135779619216919], "time_this_iter_s": 0.0070302486419677734, "done": true, "timesteps_total": null, "episodes_total": null, "training_iteration": 41, "trial_id": "b83f1_00057", "experiment_id": "7e98f57344324706bf1aed53ce7e0945", "date": "2023-02-27_16-39-48", "timestamp": 1677512388, "time_total_s": 1593.2113411426544, "pid": 22271, "hostname": "dp-esb10", "node_ip": "10.2.10.70", "config": {"learning_rate": 8e-05, "loss_function": "mae", "num_epochs": 40, "batch_size": 64, "dropout_rate": 0.54, "final_layer": true}, "time_since_restore": 1593.2113411426544, "timesteps_since_restore": 0, "iterations_since_restore": 41, "warmup_time": 0.0050466060638427734, "experiment_tag": "57_batch_size=64,dropout_rate=0.5400,final_layer=True,learning_rate=0.0001,loss_function=mae"}