{"loss": [0.7732405066490173, 0.20684167742729187, 0.175654336810112, 0.15786312520503998, 0.1464417427778244, 0.13783255219459534, 0.131327822804451, 0.12616924941539764, 0.1219925805926323, 0.11845047026872635, 0.11549323052167892, 0.11314385384321213, 0.11086657643318176, 0.10904156416654587, 0.10734523087739944, 0.10589756071567535, 0.10453473776578903, 0.10315313190221786, 0.10208705812692642, 0.10100942850112915, 0.10004361718893051, 0.09899863600730896, 0.09820076078176498, 0.09744478017091751, 0.09667631983757019, 0.09587090462446213, 0.09517708420753479, 0.09484466910362244, 0.09449140727519989, 0.09362953901290894, 0.09297120571136475, 0.09260612726211548, 0.09225167334079742, 0.09173619002103806, 0.09135926514863968, 0.09107992053031921, 0.09048902243375778, 0.0902729257941246, 0.0898452028632164, 0.08940007537603378], "val_mse": [0.13385136425495148, 0.10036125779151917, 0.08534268289804459, 0.07335267215967178, 0.06692417711019516, 0.06199698895215988, 0.05815094709396362, 0.05609440803527832, 0.05373702198266983, 0.05126623436808586, 0.051621899008750916, 0.047960638999938965, 0.0478946678340435, 0.04615239426493645, 0.044909026473760605, 0.044365741312503815, 0.04608609527349472, 0.04383113607764244, 0.04541400820016861, 0.042664799839258194, 0.042325589805841446, 0.042901381850242615, 0.04105329141020775, 0.041259512305259705, 0.04113085940480232, 0.03912833333015442, 0.039194513112306595, 0.04014725610613823, 0.0380728654563427, 0.03917451575398445, 0.038351576775312424, 0.03842783346772194, 0.03688317537307739, 0.03817034140229225, 0.038766540586948395, 0.0377926230430603, 0.03826887533068657, 0.039323605597019196, 0.03631747141480446, 0.037129130214452744], "val_mae": [0.259855180978775, 0.21916629374027252, 0.19513706862926483, 0.1818995326757431, 0.16930682957172394, 0.1640607863664627, 0.1581159234046936, 0.15405170619487762, 0.14791852235794067, 0.1462063491344452, 0.14653876423835754, 0.14274609088897705, 0.13812501728534698, 0.13589653372764587, 0.13465414941310883, 0.13206742703914642, 0.13497614860534668, 0.13085584342479706, 0.1317070573568344, 0.12933124601840973, 0.12983502447605133, 0.1286758929491043, 0.12764747440814972, 0.12441178411245346, 0.12436994165182114, 0.12112856656312943, 0.11987392604351044, 0.12386524677276611, 0.11837956309318542, 0.12137676030397415, 0.1192605271935463, 0.11842302978038788, 0.11805456876754761, 0.1183595284819603, 0.12126368284225464, 0.12046492099761963, 0.12010850757360458, 0.1239422932267189, 0.11538945138454437, 0.11708739399909973], "time_this_iter_s": 0.006140232086181641, "done": true, "timesteps_total": 0, "episodes_total": 0, "training_iteration": 41, "trial_id": "feb59_00015", "experiment_id": "9d676a531b054ca78ee8f4c7e18bd347", "date": "2023-02-27_15-07-53", "timestamp": 1677506873, "time_total_s": 1275.9946691989899, "pid": 3263, "hostname": "dp-esb04", "node_ip": "10.2.10.64", "config": {"learning_rate": 7.2e-05, "loss_function": "mse", "num_epochs": 40, "batch_size": 256, "dropout_rate": 0.52, "final_layer": true}, "time_since_restore": 445.7917950153351, "timesteps_since_restore": 0, "iterations_since_restore": 41, "warmup_time": 0.0486299991607666, "experiment_tag": "15_batch_size=256,dropout_rate=0.7800,final_layer=True,learning_rate=0.0001,loss_function=mse@perturbed[learning_rate=0.0001]"}