{"loss": [0.6124886274337769, 0.1973571628332138, 0.1660468727350235, 0.14862827956676483, 0.13638126850128174, 0.1280151605606079, 0.12225428968667984, 0.11789611726999283, 0.11441510915756226, 0.11164844036102295, 0.10944528877735138, 0.10753660649061203, 0.10605327039957047, 0.10425923019647598, 0.10322486609220505, 0.10207188874483109, 0.10095978528261185, 0.10009492933750153, 0.09931620955467224, 0.09835053235292435, 0.09786593168973923, 0.09716282039880753, 0.09669125080108643, 0.09617698192596436, 0.09552659839391708, 0.09514851868152618, 0.09480633586645126, 0.09443531185388565, 0.09378143399953842, 0.09372585266828537, 0.09342576563358307, 0.09296874701976776, 0.0925932452082634, 0.09233363717794418, 0.09195949882268906, 0.09194768220186234, 0.09137570112943649, 0.09132500737905502, 0.09099514782428741, 0.09098970144987106], "val_mse": [0.12695848941802979, 0.09378555417060852, 0.07812236249446869, 0.06559659540653229, 0.05885516107082367, 0.05527150258421898, 0.052460718899965286, 0.04993266239762306, 0.0507400780916214, 0.04917054995894432, 0.04815076291561127, 0.04697165638208389, 0.04655563458800316, 0.04601959511637688, 0.04609144106507301, 0.04400523751974106, 0.047169849276542664, 0.044323813170194626, 0.0430961512029171, 0.043871909379959106, 0.04306400939822197, 0.04217936098575592, 0.042315997183322906, 0.042620185762643814, 0.04352947697043419, 0.045060522854328156, 0.04244820773601532, 0.04546346142888069, 0.04133838415145874, 0.041724056005477905, 0.04295259341597557, 0.04117615893483162, 0.0404786579310894, 0.04073149338364601, 0.04059338942170143, 0.03965386003255844, 0.041849829256534576, 0.0412578359246254, 0.03973251208662987, 0.038756657391786575], "val_mae": [0.2485537827014923, 0.2039990872144699, 0.1826142817735672, 0.16835936903953552, 0.15812185406684875, 0.15090057253837585, 0.14859896898269653, 0.1432352364063263, 0.14809317886829376, 0.14046667516231537, 0.1421658843755722, 0.13883285224437714, 0.1377149373292923, 0.1357993483543396, 0.13862167298793793, 0.13314937055110931, 0.14229094982147217, 0.13615670800209045, 0.12877492606639862, 0.13410437107086182, 0.13124071061611176, 0.1290402114391327, 0.12880131602287292, 0.1311972588300705, 0.13194714486598969, 0.13407503068447113, 0.1310223788022995, 0.13213402032852173, 0.12567384541034698, 0.1303144246339798, 0.13299478590488434, 0.1281561255455017, 0.1270967721939087, 0.12675051391124725, 0.12752464413642883, 0.12481911480426788, 0.12931203842163086, 0.13097260892391205, 0.1257687360048294, 0.12144147604703903], "time_this_iter_s": 0.006663084030151367, "done": true, "timesteps_total": 0, "episodes_total": 0, "training_iteration": 41, "trial_id": "8e674_00051", "experiment_id": "177e89ffe2044276a290dd305afb7a88", "date": "2023-02-24_18-49-39", "timestamp": 1677260979, "time_total_s": 2117.4716367721558, "pid": 6537, "hostname": "dp-esb36", "node_ip": "10.2.10.96", "config": {"learning_rate": 5.76e-05, "loss_function": "mse", "num_epochs": 40, "batch_size": 128, "dropout_rate": 0.54, "final_layer": true}, "time_since_restore": 867.1570541858673, "timesteps_since_restore": 0, "iterations_since_restore": 41, "warmup_time": 0.05328822135925293, "experiment_tag": "51_batch_size=64,dropout_rate=0.7400,final_layer=True,learning_rate=0.0001,loss_function=mse@perturbed[learning_rate=0.0001]"}